<?xml version="1.0" encoding="UTF-8" ?>
<!DOCTYPE mapper PUBLIC "-//mybatis.org//DTD Mapper 3.0//EN" "http://mybatis.org/dtd/mybatis-3-mapper.dtd">

<mapper namespace="test">

    <select id="findStudentById" parameterType="int" resultType="mybatis.Student">
        select * from tb_test where id=#{id}
    </select>

    <select id="findByName" resultType="mybatis.Student">
        select * from tb_test where name=#{name}
    </select>

    <select id="findAllStudent" resultType="mybatis.Student">
        select * from tb_test
    </select>

    <insert id="insertStudent" parameterType="mybatis.Student">
        insert into tb_test(id,name,number,create_at,update_at) values(#{id},#{name},#{number},#{create_at},#{update_at})
    </insert>

    <delete id="deleteStudent" parameterType="int">
        delete from tb_test where id=#{id}
    </delete>

    <update id="updateStudent" >
        update tb_test set name =#{name},number =#{number},update_at=#{update_at} where id=#{id}
    </update>
</mapper>